[
{"questionText":"Quality of the Lecture: HTML5/CSS3","questionType":"Multiple choice","afterslide":"11","options":[{"optionText":"poor","correct":true},{"optionText":"ok","correct":true},{"optionText":"good","correct":true},{"optionText":"excellent","correct":true}]},
{"questionText":"Quality of the Lecture: Functional JavaScript","questionType":"Multiple choice","afterslide":"12","options":[{"optionText":"poor","correct":true},{"optionText":"ok","correct":true},{"optionText":"good","correct":true},{"optionText":"excellent","correct":true}]},
{"questionText":"Quality of the Lecture: Object-Oriented JavaScript","questionType":"Multiple choice","afterslide":"13","options":[{"optionText":"poor","correct":true},{"optionText":"ok","correct":true},{"optionText":"good","correct":true},{"optionText":"excellent","correct":true}]},
{"questionText":"Quality of the Lecture: Node.JS","questionType":"Multiple choice","afterslide":"14","options":[{"optionText":"poor","correct":true},{"optionText":"ok","correct":true},{"optionText":"good","correct":true},{"optionText":"excellent","correct":true}]},
{"questionText":"Quality of the Lecture: Express.JS MVC","questionType":"Multiple choice","afterslide":"15","options":[{"optionText":"poor","correct":true},{"optionText":"ok","correct":true},{"optionText":"good","correct":true},{"optionText":"excellent","correct":true}]},
{"questionText":"Quality of the Lecture: AJAX","questionType":"Multiple choice","afterslide":"16","options":[{"optionText":"poor","correct":true},{"optionText":"ok","correct":true},{"optionText":"good","correct":true},{"optionText":"excellent","correct":true}]}, 
{"questionText":"Quality of the Exercise: HTML5/CSS Homepage","questionType":"Multiple choice","afterslide":"17","options":[{"optionText":"poor","correct":true},{"optionText":"ok","correct":true},{"optionText":"good","correct":true},{"optionText":"excellent","correct":true}]},
{"questionText":"Quality of the Exercise: JavaScript Programming","questionType":"Multiple choice","afterslide":"18","options":[{"optionText":"poor","correct":true},{"optionText":"ok","correct":true},{"optionText":"good","correct":true},{"optionText":"excellent","correct":true}]},
{"questionText":"Quality of the Exercise: JavaScript PhotoAlbum","questionType":"Multiple choice","afterslide":"19","options":[{"optionText":"poor","correct":true},{"optionText":"ok","correct":true},{"optionText":"good","correct":true},{"optionText":"excellent","correct":true}]},
{"questionText":"Quality of the Exercise: Node.JS Server","questionType":"Multiple choice","afterslide":"20","options":[{"optionText":"poor","correct":true},{"optionText":"ok","correct":true},{"optionText":"good","correct":true},{"optionText":"excellent","correct":true}]},
{"questionText":"Quality of the Exercise: Server-side PhotoAlbum","questionType":"Multiple choice","afterslide":"21","options":[{"optionText":"poor","correct":true},{"optionText":"ok","correct":true},{"optionText":"good","correct":true},{"optionText":"excellent","correct":true}]},
{"questionText":"Quality of the Exercise: AJAX","questionType":"Multiple choice","afterslide":"22","options":[{"optionText":"poor","correct":true},{"optionText":"ok","correct":true},{"optionText":"good","correct":true},{"optionText":"excellent","correct":true}]},
{"questionText":"The teacher is knowledgeable in this subject","questionType":"Multiple choice","afterslide":"23","options":[{"optionText":"1 - completely agree","correct":true},{"optionText":"2","correct":true},{"optionText":"3","correct":true},{"optionText":"4","correct":true},{"optionText":"5","correct":true},{"optionText":"6","correct":true},{"optionText":"7 - completely agree","correct":true}]},
{"questionText":"The teacher presents the subject in a comprehensible way","questionType":"Multiple choice","afterslide":"24","options":[{"optionText":"1 - completely agree","correct":true},{"optionText":"2","correct":true},{"optionText":"3","correct":true},{"optionText":"4","correct":true},{"optionText":"5","correct":true},{"optionText":"6","correct":true},{"optionText":"7 - completely agree","correct":true}]},
{"questionText":"The teacher was effective in encouraging my interest in this subject","questionType":"Multiple choice","afterslide":"25","options":[{"optionText":"1 - completely agree","correct":true},{"optionText":"2","correct":true},{"optionText":"3","correct":true},{"optionText":"4","correct":true},{"optionText":"5","correct":true},{"optionText":"6","correct":true},{"optionText":"7 - completely agree","correct":true}]},
{"questionText":"The teacher shows adequate respect for all students'questions and suggestions","questionType":"Multiple choice","afterslide":"26","options":[{"optionText":"1 - completely agree","correct":true},{"optionText":"2","correct":true},{"optionText":"3","correct":true},{"optionText":"4","correct":true},{"optionText":"5","correct":true},{"optionText":"6","correct":true},{"optionText":"7 - completely agree","correct":true}]},
{"questionText":"The teaching material helped me learn this course","questionType":"Multiple choice","afterslide":"27","options":[{"optionText":"1 - completely agree","correct":true},{"optionText":"2","correct":true},{"optionText":"3","correct":true},{"optionText":"4","correct":true},{"optionText":"5","correct":true},{"optionText":"6","correct":true},{"optionText":"7 - completely agree","correct":true}]},
{"questionText":"The course structure and program have been clear","questionType":"Multiple choice","afterslide":"28","options":[{"optionText":"1 - completely agree","correct":true},{"optionText":"2","correct":true},{"optionText":"3","correct":true},{"optionText":"4","correct":true},{"optionText":"5","correct":true},{"optionText":"6","correct":true},{"optionText":"7 - completely agree","correct":true}]},
{"questionText":"The teacher was effective in showing how the subject matter is relevant to everyday life","questionType":"Multiple choice","afterslide":"29","options":[{"optionText":"1 - completely agree","correct":true},{"optionText":"2","correct":true},{"optionText":"3","correct":true},{"optionText":"4","correct":true},{"optionText":"5","correct":true},{"optionText":"6","correct":true},{"optionText":"7 - completely agree","correct":true}]},
{"questionText":"The workload of the course is:","questionType":"Multiple choice","afterslide":"30","options":[{"optionText":"1 - clearly too light","correct":true},{"optionText":"2","correct":true},{"optionText":"3","correct":true},{"optionText":"4","correct":true},{"optionText":"5","correct":true},{"optionText":"6","correct":true},{"optionText":"7 - clearly too heavy","correct":true}]}




]